{
  "_meta": {
    "models": {
      "customers": "People who book appointments and receive services at the salon.",
      "bookings": "Appointments scheduled between customers and employees for specific services at designated times.",
      "notes": "Notes added to customer profiles to track preferences, special requests, or important information.",
      "tags": "Tags used to categorize and quickly identify customers."
    },
    "relationships": [
      "Each Customer can have multiple Bookings over time",
      "Each Booking belongs to one Customer",
      "Customers can have multiple Notes with timestamps",
      "Customers can have multiple Tags for categorization"
    ]
  },
  "customers": [
    {
      "id": "cust-001",
      "name": "Michael Thompson",
      "email": "michael.thompson@email.com",
      "phone": "+1 (555) 123-4567",
      "tags": ["VIP", "Regular"],
      "notes": [
        {
          "id": "note-001",
          "content": "Prefers shorter on the sides, regular customer. Always books with Marcus.",
          "createdAt": "2024-10-15T09:00:00Z",
          "createdBy": "Alex Morgan"
        }
      ],
      "marketingConsent": {
        "email": true,
        "sms": false
      },
      "createdAt": "2024-01-15T08:00:00Z",
      "lastBookingDate": "2024-12-20"
    },
    {
      "id": "cust-002",
      "name": "Jennifer Martinez",
      "email": "j.martinez@email.com",
      "phone": "+1 (555) 123-4568",
      "tags": ["Color Services"],
      "notes": [
        {
          "id": "note-002",
          "content": "Likes to try different colors, comes monthly. Very satisfied with Sarah's work.",
          "createdAt": "2024-10-20T14:30:00Z",
          "createdBy": "Sarah Chen"
        }
      ],
      "marketingConsent": {
        "email": true,
        "sms": true
      },
      "createdAt": "2024-02-10T08:00:00Z",
      "lastBookingDate": "2024-12-20"
    },
    {
      "id": "cust-003",
      "name": "Robert Lee",
      "email": "robert.lee@email.com",
      "phone": "+1 (555) 123-4569",
      "tags": ["Fade Specialist"],
      "notes": [],
      "marketingConsent": {
        "email": false,
        "sms": false
      },
      "createdAt": "2024-03-05T08:00:00Z",
      "lastBookingDate": "2024-12-20"
    },
    {
      "id": "cust-004",
      "name": "Amanda Davis",
      "email": "amanda.davis@email.com",
      "phone": "+1 (555) 123-4570",
      "tags": [],
      "notes": [
        {
          "id": "note-003",
          "content": "New customer, interested in color services. Needs consultation before first color treatment.",
          "createdAt": "2024-11-10T10:00:00Z",
          "createdBy": "Sarah Chen"
        }
      ],
      "marketingConsent": {
        "email": true,
        "sms": false
      },
      "createdAt": "2024-11-05T08:00:00Z",
      "lastBookingDate": "2024-12-21"
    },
    {
      "id": "cust-005",
      "name": "Christopher Brown",
      "email": "chris.brown@email.com",
      "phone": "+1 (555) 123-4571",
      "tags": ["Regular", "Beard"],
      "notes": [],
      "marketingConsent": {
        "email": true,
        "sms": true
      },
      "createdAt": "2024-04-12T08:00:00Z",
      "lastBookingDate": "2024-12-20"
    },
    {
      "id": "cust-006",
      "name": "Jessica Wilson",
      "email": "jessica.wilson@email.com",
      "phone": "+1 (555) 123-4572",
      "tags": ["VIP"],
      "notes": [
        {
          "id": "note-004",
          "content": "Prefers premium haircut service, tips well. Very loyal customer.",
          "createdAt": "2024-10-25T11:20:00Z",
          "createdBy": "Emma Williams"
        }
      ],
      "marketingConsent": {
        "email": true,
        "sms": false
      },
      "createdAt": "2024-05-20T08:00:00Z",
      "lastBookingDate": "2024-12-21"
    },
    {
      "id": "cust-007",
      "name": "Daniel Garcia",
      "email": "daniel.garcia@email.com",
      "phone": "+1 (555) 123-4573",
      "tags": [],
      "notes": [],
      "marketingConsent": {
        "email": false,
        "sms": false
      },
      "createdAt": "2024-11-15T08:00:00Z",
      "lastBookingDate": "2024-12-19"
    },
    {
      "id": "cust-008",
      "name": "Lisa Anderson",
      "email": "lisa.anderson@email.com",
      "phone": "+1 (555) 123-4574",
      "tags": ["Styling"],
      "notes": [
        {
          "id": "note-005",
          "content": "Regular for styling services, prefers Sarah or Emma. Books weekly appointments.",
          "createdAt": "2024-10-18T09:00:00Z",
          "createdBy": "Sarah Chen"
        }
      ],
      "marketingConsent": {
        "email": true,
        "sms": true
      },
      "createdAt": "2024-06-08T08:00:00Z",
      "lastBookingDate": "2024-12-21"
    },
    {
      "id": "cust-009",
      "name": "Matthew Taylor",
      "email": "matthew.taylor@email.com",
      "phone": "+1 (555) 123-4575",
      "tags": ["Hot Towel"],
      "notes": [],
      "marketingConsent": {
        "email": true,
        "sms": false
      },
      "createdAt": "2024-07-15T08:00:00Z",
      "lastBookingDate": "2024-12-21"
    },
    {
      "id": "cust-010",
      "name": "Nicole White",
      "email": "nicole.white@email.com",
      "phone": "+1 (555) 123-4576",
      "tags": [],
      "notes": [
        {
          "id": "note-006",
          "content": "Interested in color treatments, consultation needed. First-time color service.",
          "createdAt": "2024-11-20T14:00:00Z",
          "createdBy": "Sarah Chen"
        }
      ],
      "marketingConsent": {
        "email": true,
        "sms": false
      },
      "createdAt": "2024-11-18T08:00:00Z",
      "lastBookingDate": "2024-12-22"
    },
    {
      "id": "cust-011",
      "name": "Ryan Patel",
      "email": "ryan.patel@email.com",
      "phone": "+1 (555) 234-5677",
      "tags": [],
      "notes": [],
      "marketingConsent": {
        "email": true,
        "sms": true
      },
      "createdAt": "2024-08-22T08:00:00Z",
      "lastBookingDate": "2024-12-18"
    },
    {
      "id": "cust-012",
      "name": "Sophia Martinez",
      "email": "sophia.martinez@email.com",
      "phone": "+1 (555) 234-5678",
      "tags": ["Regular"],
      "notes": [],
      "marketingConsent": {
        "email": false,
        "sms": false
      },
      "createdAt": "2024-09-10T08:00:00Z",
      "lastBookingDate": "2024-12-17"
    },
    {
      "id": "cust-013",
      "name": "Ethan Johnson",
      "email": "ethan.johnson@email.com",
      "phone": "+1 (555) 234-5679",
      "tags": [],
      "notes": [],
      "marketingConsent": {
        "email": true,
        "sms": false
      },
      "createdAt": "2024-10-05T08:00:00Z",
      "lastBookingDate": "2024-12-16"
    },
    {
      "id": "cust-014",
      "name": "Olivia Chen",
      "email": "olivia.chen@email.com",
      "phone": "+1 (555) 234-5680",
      "tags": ["Color Services"],
      "notes": [
        {
          "id": "note-007",
          "content": "Very particular about color shades. Always brings reference photos. Prefers Emma.",
          "createdAt": "2024-11-05T15:30:00Z",
          "createdBy": "Emma Williams"
        }
      ],
      "marketingConsent": {
        "email": true,
        "sms": true
      },
      "createdAt": "2024-10-12T08:00:00Z",
      "lastBookingDate": "2024-12-15"
    },
    {
      "id": "cust-015",
      "name": "James Wilson",
      "email": "james.wilson@email.com",
      "phone": "+1 (555) 234-5681",
      "tags": ["Fade Specialist"],
      "notes": [],
      "marketingConsent": {
        "email": true,
        "sms": false
      },
      "createdAt": "2024-10-20T08:00:00Z",
      "lastBookingDate": "2024-12-14"
    },
    {
      "id": "cust-016",
      "name": "Emily Rodriguez",
      "email": "emily.rodriguez@email.com",
      "phone": "+1 (555) 234-5682",
      "tags": [],
      "notes": [],
      "marketingConsent": {
        "email": false,
        "sms": false
      },
      "createdAt": "2024-10-25T08:00:00Z",
      "lastBookingDate": "2024-12-13"
    },
    {
      "id": "cust-017",
      "name": "Alexander Kim",
      "email": "alex.kim@email.com",
      "phone": "+1 (555) 234-5683",
      "tags": ["Regular"],
      "notes": [],
      "marketingConsent": {
        "email": true,
        "sms": true
      },
      "createdAt": "2024-11-01T08:00:00Z",
      "lastBookingDate": "2024-12-12"
    },
    {
      "id": "cust-018",
      "name": "Mia Anderson",
      "email": "mia.anderson@email.com",
      "phone": "+1 (555) 234-5684",
      "tags": [],
      "notes": [
        {
          "id": "note-008",
          "content": "Allergic to certain hair products. Always check before using any new products.",
          "createdAt": "2024-11-08T10:15:00Z",
          "createdBy": "Sarah Chen"
        }
      ],
      "marketingConsent": {
        "email": true,
        "sms": false
      },
      "createdAt": "2024-11-05T08:00:00Z",
      "lastBookingDate": "2024-12-11"
    },
    {
      "id": "cust-019",
      "name": "Noah Brown",
      "email": "noah.brown@email.com",
      "phone": "+1 (555) 234-5685",
      "tags": ["Beard"],
      "notes": [],
      "marketingConsent": {
        "email": true,
        "sms": false
      },
      "createdAt": "2024-11-10T08:00:00Z",
      "lastBookingDate": "2024-12-10"
    },
    {
      "id": "cust-020",
      "name": "Ava Taylor",
      "email": "ava.taylor@email.com",
      "phone": "+1 (555) 234-5686",
      "tags": [],
      "notes": [],
      "marketingConsent": {
        "email": true,
        "sms": true
      },
      "createdAt": "2024-11-12T08:00:00Z",
      "lastBookingDate": "2024-12-09"
    },
    {
      "id": "cust-021",
      "name": "William Davis",
      "email": "william.davis@email.com",
      "phone": "+1 (555) 234-5687",
      "tags": ["VIP"],
      "notes": [
        {
          "id": "note-009",
          "content": "Executive client. Prefers early morning appointments. Very punctual.",
          "createdAt": "2024-11-15T08:30:00Z",
          "createdBy": "Alex Morgan"
        }
      ],
      "marketingConsent": {
        "email": true,
        "sms": false
      },
      "createdAt": "2024-11-14T08:00:00Z",
      "lastBookingDate": "2024-12-08"
    },
    {
      "id": "cust-022",
      "name": "Isabella Garcia",
      "email": "isabella.garcia@email.com",
      "phone": "+1 (555) 234-5688",
      "tags": [],
      "notes": [],
      "marketingConsent": {
        "email": false,
        "sms": false
      },
      "createdAt": "2024-11-18T08:00:00Z",
      "lastBookingDate": "2024-12-07"
    },
    {
      "id": "cust-023",
      "name": "Lucas Martinez",
      "email": "lucas.martinez@email.com",
      "phone": "+1 (555) 234-5689",
      "tags": ["Fade Specialist"],
      "notes": [],
      "marketingConsent": {
        "email": true,
        "sms": true
      },
      "createdAt": "2024-11-20T08:00:00Z",
      "lastBookingDate": "2024-12-06"
    },
    {
      "id": "cust-024",
      "name": "Charlotte Lee",
      "email": "charlotte.lee@email.com",
      "phone": "+1 (555) 234-5690",
      "tags": [],
      "notes": [],
      "marketingConsent": {
        "email": true,
        "sms": false
      },
      "createdAt": "2024-11-22T08:00:00Z",
      "lastBookingDate": "2024-12-05"
    },
    {
      "id": "cust-025",
      "name": "Benjamin White",
      "email": "benjamin.white@email.com",
      "phone": "+1 (555) 234-5691",
      "tags": ["Regular"],
      "notes": [],
      "marketingConsent": {
        "email": true,
        "sms": false
      },
      "createdAt": "2024-11-25T08:00:00Z",
      "lastBookingDate": "2024-12-04"
    },
    {
      "id": "cust-026",
      "name": "Amelia Thompson",
      "email": "amelia.thompson@email.com",
      "phone": "+1 (555) 234-5692",
      "tags": [],
      "notes": [
        {
          "id": "note-010",
          "content": "Prefers natural look. Doesn't like heavy styling products. Very happy with current service.",
          "createdAt": "2024-12-01T11:00:00Z",
          "createdBy": "Emma Williams"
        }
      ],
      "marketingConsent": {
        "email": true,
        "sms": true
      },
      "createdAt": "2024-11-28T08:00:00Z",
      "lastBookingDate": "2024-12-03"
    },
    {
      "id": "cust-027",
      "name": "Henry Wilson",
      "email": "henry.wilson@email.com",
      "phone": "+1 (555) 234-5693",
      "tags": [],
      "notes": [],
      "marketingConsent": {
        "email": false,
        "sms": false
      },
      "createdAt": "2024-12-01T08:00:00Z",
      "lastBookingDate": "2024-12-02"
    },
    {
      "id": "cust-028",
      "name": "Harper Brown",
      "email": "harper.brown@email.com",
      "phone": "+1 (555) 234-5694",
      "tags": ["Styling"],
      "notes": [],
      "marketingConsent": {
        "email": true,
        "sms": false
      },
      "createdAt": "2024-12-03T08:00:00Z",
      "lastBookingDate": "2024-12-01"
    },
    {
      "id": "cust-029",
      "name": "Jackson Davis",
      "email": "jackson.davis@email.com",
      "phone": "+1 (555) 234-5695",
      "tags": [],
      "notes": [],
      "marketingConsent": {
        "email": true,
        "sms": true
      },
      "createdAt": "2024-12-05T08:00:00Z",
      "lastBookingDate": "2024-11-30"
    },
    {
      "id": "cust-030",
      "name": "Evelyn Garcia",
      "email": "evelyn.garcia@email.com",
      "phone": "+1 (555) 234-5696",
      "tags": [],
      "notes": [],
      "marketingConsent": {
        "email": true,
        "sms": false
      },
      "createdAt": "2024-12-08T08:00:00Z",
      "lastBookingDate": "2024-11-29"
    }
  ],
  "bookings": [
    {
      "id": "book-101",
      "customerId": "cust-001",
      "customerName": "Michael Thompson",
      "serviceId": "svc-001",
      "serviceName": "Classic Haircut",
      "employeeId": "emp-001",
      "employeeName": "Marcus Johnson",
      "date": "2024-10-05",
      "time": "10:00",
      "duration": 30,
      "status": "completed",
      "notes": "",
      "createdAt": "2024-10-01T09:00:00Z"
    },
    {
      "id": "book-102",
      "customerId": "cust-002",
      "customerName": "Jennifer Martinez",
      "serviceId": "svc-005",
      "serviceName": "Hair Color",
      "employeeId": "emp-002",
      "employeeName": "Sarah Chen",
      "date": "2024-10-08",
      "time": "14:00",
      "duration": 90,
      "status": "completed",
      "notes": "",
      "createdAt": "2024-10-03T10:00:00Z"
    },
    {
      "id": "book-103",
      "customerId": "cust-003",
      "customerName": "Robert Lee",
      "serviceId": "svc-007",
      "serviceName": "Fade Haircut",
      "employeeId": "emp-001",
      "employeeName": "Marcus Johnson",
      "date": "2024-10-10",
      "time": "11:30",
      "duration": 35,
      "status": "completed",
      "notes": "",
      "createdAt": "2024-10-05T08:00:00Z"
    },
    {
      "id": "book-104",
      "customerId": "cust-005",
      "customerName": "Christopher Brown",
      "serviceId": "svc-004",
      "serviceName": "Haircut & Beard Combo",
      "employeeId": "emp-003",
      "employeeName": "David Rodriguez",
      "date": "2024-10-12",
      "time": "15:30",
      "duration": 50,
      "status": "completed",
      "notes": "",
      "createdAt": "2024-10-08T09:00:00Z"
    },
    {
      "id": "book-105",
      "customerId": "cust-006",
      "customerName": "Jessica Wilson",
      "serviceId": "svc-002",
      "serviceName": "Premium Haircut & Style",
      "employeeId": "emp-004",
      "employeeName": "Emma Williams",
      "date": "2024-10-15",
      "time": "10:00",
      "duration": 45,
      "status": "completed",
      "notes": "",
      "createdAt": "2024-10-10T11:00:00Z"
    },
    {
      "id": "book-106",
      "customerId": "cust-008",
      "customerName": "Lisa Anderson",
      "serviceId": "svc-006",
      "serviceName": "Hair Wash & Style",
      "employeeId": "emp-004",
      "employeeName": "Emma Williams",
      "date": "2024-10-18",
      "time": "11:00",
      "duration": 30,
      "status": "completed",
      "notes": "",
      "createdAt": "2024-10-12T09:00:00Z"
    },
    {
      "id": "book-107",
      "customerId": "cust-009",
      "customerName": "Matthew Taylor",
      "serviceId": "svc-008",
      "serviceName": "Hot Towel Shave",
      "employeeId": "emp-003",
      "employeeName": "David Rodriguez",
      "date": "2024-10-20",
      "time": "13:00",
      "duration": 40,
      "status": "completed",
      "notes": "",
      "createdAt": "2024-10-15T10:00:00Z"
    },
    {
      "id": "book-108",
      "customerId": "cust-001",
      "customerName": "Michael Thompson",
      "serviceId": "svc-003",
      "serviceName": "Beard Trim",
      "employeeId": "emp-001",
      "employeeName": "Marcus Johnson",
      "date": "2024-10-22",
      "time": "16:00",
      "duration": 20,
      "status": "completed",
      "notes": "",
      "createdAt": "2024-10-18T08:00:00Z"
    },
    {
      "id": "book-109",
      "customerId": "cust-012",
      "customerName": "Sophia Martinez",
      "serviceId": "svc-001",
      "serviceName": "Classic Haircut",
      "employeeId": "emp-005",
      "employeeName": "James Anderson",
      "date": "2024-10-25",
      "time": "14:00",
      "duration": 30,
      "status": "completed",
      "notes": "",
      "createdAt": "2024-10-20T09:00:00Z"
    },
    {
      "id": "book-110",
      "customerId": "cust-014",
      "customerName": "Olivia Chen",
      "serviceId": "svc-005",
      "serviceName": "Hair Color",
      "employeeId": "emp-004",
      "employeeName": "Emma Williams",
      "date": "2024-10-28",
      "time": "10:00",
      "duration": 90,
      "status": "completed",
      "notes": "",
      "createdAt": "2024-10-22T11:00:00Z"
    },
    {
      "id": "book-111",
      "customerId": "cust-002",
      "customerName": "Jennifer Martinez",
      "serviceId": "svc-002",
      "serviceName": "Premium Haircut & Style",
      "employeeId": "emp-002",
      "employeeName": "Sarah Chen",
      "date": "2024-11-05",
      "time": "10:30",
      "duration": 45,
      "status": "completed",
      "notes": "",
      "createdAt": "2024-10-28T12:00:00Z"
    },
    {
      "id": "book-112",
      "customerId": "cust-003",
      "customerName": "Robert Lee",
      "serviceId": "svc-007",
      "serviceName": "Fade Haircut",
      "employeeId": "emp-001",
      "employeeName": "Marcus Johnson",
      "date": "2024-11-08",
      "time": "11:30",
      "duration": 35,
      "status": "completed",
      "notes": "",
      "createdAt": "2024-11-01T08:00:00Z"
    },
    {
      "id": "book-113",
      "customerId": "cust-004",
      "customerName": "Amanda Davis",
      "serviceId": "svc-005",
      "serviceName": "Hair Color",
      "employeeId": "emp-002",
      "employeeName": "Sarah Chen",
      "date": "2024-11-10",
      "time": "15:00",
      "duration": 90,
      "status": "completed",
      "notes": "",
      "createdAt": "2024-11-05T10:00:00Z"
    },
    {
      "id": "book-114",
      "customerId": "cust-005",
      "customerName": "Christopher Brown",
      "serviceId": "svc-004",
      "serviceName": "Haircut & Beard Combo",
      "employeeId": "emp-003",
      "employeeName": "David Rodriguez",
      "date": "2024-11-12",
      "time": "15:30",
      "duration": 50,
      "status": "completed",
      "notes": "",
      "createdAt": "2024-11-08T09:00:00Z"
    },
    {
      "id": "book-115",
      "customerId": "cust-006",
      "customerName": "Jessica Wilson",
      "serviceId": "svc-002",
      "serviceName": "Premium Haircut & Style",
      "employeeId": "emp-004",
      "employeeName": "Emma Williams",
      "date": "2024-11-15",
      "time": "10:00",
      "duration": 45,
      "status": "completed",
      "notes": "",
      "createdAt": "2024-11-10T11:00:00Z"
    },
    {
      "id": "book-116",
      "customerId": "cust-008",
      "customerName": "Lisa Anderson",
      "serviceId": "svc-006",
      "serviceName": "Hair Wash & Style",
      "employeeId": "emp-002",
      "employeeName": "Sarah Chen",
      "date": "2024-11-18",
      "time": "11:00",
      "duration": 30,
      "status": "completed",
      "notes": "",
      "createdAt": "2024-11-12T09:00:00Z"
    },
    {
      "id": "book-117",
      "customerId": "cust-009",
      "customerName": "Matthew Taylor",
      "serviceId": "svc-008",
      "serviceName": "Hot Towel Shave",
      "employeeId": "emp-003",
      "employeeName": "David Rodriguez",
      "date": "2024-11-20",
      "time": "13:00",
      "duration": 40,
      "status": "completed",
      "notes": "",
      "createdAt": "2024-11-15T10:00:00Z"
    },
    {
      "id": "book-118",
      "customerId": "cust-011",
      "customerName": "Ryan Patel",
      "serviceId": "svc-001",
      "serviceName": "Classic Haircut",
      "employeeId": "emp-001",
      "employeeName": "Marcus Johnson",
      "date": "2024-11-22",
      "time": "14:00",
      "duration": 30,
      "status": "completed",
      "notes": "",
      "createdAt": "2024-11-18T08:00:00Z"
    },
    {
      "id": "book-119",
      "customerId": "cust-013",
      "customerName": "Ethan Johnson",
      "serviceId": "svc-007",
      "serviceName": "Fade Haircut",
      "employeeId": "emp-005",
      "employeeName": "James Anderson",
      "date": "2024-11-25",
      "time": "11:00",
      "duration": 35,
      "status": "completed",
      "notes": "",
      "createdAt": "2024-11-20T09:00:00Z"
    },
    {
      "id": "book-120",
      "customerId": "cust-015",
      "customerName": "James Wilson",
      "serviceId": "svc-007",
      "serviceName": "Fade Haircut",
      "employeeId": "emp-001",
      "employeeName": "Marcus Johnson",
      "date": "2024-11-28",
      "time": "12:00",
      "duration": 35,
      "status": "completed",
      "notes": "",
      "createdAt": "2024-11-22T10:00:00Z"
    },
    {
      "id": "book-121",
      "customerId": "cust-001",
      "customerName": "Michael Thompson",
      "serviceId": "svc-001",
      "serviceName": "Classic Haircut",
      "employeeId": "emp-001",
      "employeeName": "Marcus Johnson",
      "date": "2024-12-05",
      "time": "10:00",
      "duration": 30,
      "status": "completed",
      "notes": "",
      "createdAt": "2024-11-28T09:00:00Z"
    },
    {
      "id": "book-122",
      "customerId": "cust-002",
      "customerName": "Jennifer Martinez",
      "serviceId": "svc-005",
      "serviceName": "Hair Color",
      "employeeId": "emp-002",
      "employeeName": "Sarah Chen",
      "date": "2024-12-08",
      "time": "14:00",
      "duration": 90,
      "status": "completed",
      "notes": "",
      "createdAt": "2024-12-01T10:00:00Z"
    },
    {
      "id": "book-123",
      "customerId": "cust-003",
      "customerName": "Robert Lee",
      "serviceId": "svc-007",
      "serviceName": "Fade Haircut",
      "employeeId": "emp-001",
      "employeeName": "Marcus Johnson",
      "date": "2024-12-10",
      "time": "11:30",
      "duration": 35,
      "status": "completed",
      "notes": "",
      "createdAt": "2024-12-05T08:00:00Z"
    },
    {
      "id": "book-124",
      "customerId": "cust-001",
      "customerName": "Michael Thompson",
      "serviceId": "svc-001",
      "serviceName": "Classic Haircut",
      "employeeId": "emp-001",
      "employeeName": "Marcus Johnson",
      "date": "2024-12-20",
      "time": "10:00",
      "duration": 30,
      "status": "confirmed",
      "notes": "Regular appointment",
      "createdAt": "2024-12-15T09:00:00Z"
    },
    {
      "id": "book-125",
      "customerId": "cust-002",
      "customerName": "Jennifer Martinez",
      "serviceId": "svc-005",
      "serviceName": "Hair Color",
      "employeeId": "emp-002",
      "employeeName": "Sarah Chen",
      "date": "2024-12-20",
      "time": "14:00",
      "duration": 90,
      "status": "confirmed",
      "notes": "Monthly color touch-up",
      "createdAt": "2024-12-10T14:30:00Z"
    },
    {
      "id": "book-126",
      "customerId": "cust-005",
      "customerName": "Christopher Brown",
      "serviceId": "svc-004",
      "serviceName": "Haircut & Beard Combo",
      "employeeId": "emp-003",
      "employeeName": "David Rodriguez",
      "date": "2024-12-20",
      "time": "15:30",
      "duration": 50,
      "status": "pending",
      "notes": "Regular 3-week appointment",
      "createdAt": "2024-12-19T08:00:00Z"
    },
    {
      "id": "book-127",
      "customerId": "cust-006",
      "customerName": "Jessica Wilson",
      "serviceId": "svc-002",
      "serviceName": "Premium Haircut & Style",
      "employeeId": "emp-004",
      "employeeName": "Emma Williams",
      "date": "2024-12-21",
      "time": "10:00",
      "duration": 45,
      "status": "confirmed",
      "notes": "Special occasion styling",
      "createdAt": "2024-12-16T11:20:00Z"
    },
    {
      "id": "book-128",
      "customerId": "cust-009",
      "customerName": "Matthew Taylor",
      "serviceId": "svc-008",
      "serviceName": "Hot Towel Shave",
      "employeeId": "emp-003",
      "employeeName": "David Rodriguez",
      "date": "2024-12-21",
      "time": "13:00",
      "duration": 40,
      "status": "confirmed",
      "notes": "Monthly shave",
      "createdAt": "2024-12-12T15:45:00Z"
    },
    {
      "id": "book-129",
      "customerId": "cust-004",
      "customerName": "Amanda Davis",
      "serviceId": "svc-005",
      "serviceName": "Hair Color",
      "employeeId": "emp-002",
      "employeeName": "Sarah Chen",
      "date": "2024-12-21",
      "time": "15:00",
      "duration": 90,
      "status": "pending",
      "notes": "New customer, needs consultation",
      "createdAt": "2024-12-19T16:30:00Z"
    },
    {
      "id": "book-130",
      "customerId": "cust-008",
      "customerName": "Lisa Anderson",
      "serviceId": "svc-006",
      "serviceName": "Hair Wash & Style",
      "employeeId": "emp-004",
      "employeeName": "Emma Williams",
      "date": "2024-12-21",
      "time": "11:00",
      "duration": 30,
      "status": "completed",
      "notes": "Regular styling appointment",
      "createdAt": "2024-12-14T09:00:00Z"
    },
    {
      "id": "book-131",
      "customerId": "cust-010",
      "customerName": "Nicole White",
      "serviceId": "svc-005",
      "serviceName": "Hair Color",
      "employeeId": "emp-002",
      "employeeName": "Sarah Chen",
      "date": "2024-12-22",
      "time": "10:00",
      "duration": 90,
      "status": "pending",
      "notes": "Color consultation needed",
      "createdAt": "2024-12-19T14:00:00Z"
    },
    {
      "id": "book-132",
      "customerId": "cust-011",
      "customerName": "Ryan Patel",
      "serviceId": "svc-001",
      "serviceName": "Classic Haircut",
      "employeeId": "emp-001",
      "employeeName": "Marcus Johnson",
      "date": "2024-10-03",
      "time": "14:00",
      "duration": 30,
      "status": "completed",
      "notes": "",
      "createdAt": "2024-09-28T10:00:00Z"
    },
    {
      "id": "book-133",
      "customerId": "cust-012",
      "customerName": "Sophia Martinez",
      "serviceId": "svc-002",
      "serviceName": "Premium Haircut & Style",
      "employeeId": "emp-004",
      "employeeName": "Emma Williams",
      "date": "2024-10-07",
      "time": "11:00",
      "duration": 45,
      "status": "completed",
      "notes": "",
      "createdAt": "2024-10-02T09:00:00Z"
    },
    {
      "id": "book-134",
      "customerId": "cust-013",
      "customerName": "Ethan Johnson",
      "serviceId": "svc-007",
      "serviceName": "Fade Haircut",
      "employeeId": "emp-005",
      "employeeName": "James Anderson",
      "date": "2024-10-09",
      "time": "15:00",
      "duration": 35,
      "status": "completed",
      "notes": "",
      "createdAt": "2024-10-04T08:00:00Z"
    },
    {
      "id": "book-135",
      "customerId": "cust-014",
      "customerName": "Olivia Chen",
      "serviceId": "svc-006",
      "serviceName": "Hair Wash & Style",
      "employeeId": "emp-002",
      "employeeName": "Sarah Chen",
      "date": "2024-10-11",
      "time": "13:00",
      "duration": 30,
      "status": "completed",
      "notes": "",
      "createdAt": "2024-10-06T10:00:00Z"
    },
    {
      "id": "book-136",
      "customerId": "cust-015",
      "customerName": "James Wilson",
      "serviceId": "svc-007",
      "serviceName": "Fade Haircut",
      "employeeId": "emp-001",
      "employeeName": "Marcus Johnson",
      "date": "2024-10-13",
      "time": "12:00",
      "duration": 35,
      "status": "completed",
      "notes": "",
      "createdAt": "2024-10-08T09:00:00Z"
    },
    {
      "id": "book-137",
      "customerId": "cust-016",
      "customerName": "Emily Rodriguez",
      "serviceId": "svc-001",
      "serviceName": "Classic Haircut",
      "employeeId": "emp-004",
      "employeeName": "Emma Williams",
      "date": "2024-10-16",
      "time": "10:30",
      "duration": 30,
      "status": "completed",
      "notes": "",
      "createdAt": "2024-10-11T08:00:00Z"
    },
    {
      "id": "book-138",
      "customerId": "cust-017",
      "customerName": "Alexander Kim",
      "serviceId": "svc-003",
      "serviceName": "Beard Trim",
      "employeeId": "emp-003",
      "employeeName": "David Rodriguez",
      "date": "2024-10-19",
      "time": "16:00",
      "duration": 20,
      "status": "completed",
      "notes": "",
      "createdAt": "2024-10-14T10:00:00Z"
    },
    {
      "id": "book-139",
      "customerId": "cust-018",
      "customerName": "Mia Anderson",
      "serviceId": "svc-005",
      "serviceName": "Hair Color",
      "employeeId": "emp-002",
      "employeeName": "Sarah Chen",
      "date": "2024-10-21",
      "time": "14:00",
      "duration": 90,
      "status": "completed",
      "notes": "",
      "createdAt": "2024-10-16T11:00:00Z"
    },
    {
      "id": "book-140",
      "customerId": "cust-019",
      "customerName": "Noah Brown",
      "serviceId": "svc-004",
      "serviceName": "Haircut & Beard Combo",
      "employeeId": "emp-003",
      "employeeName": "David Rodriguez",
      "date": "2024-10-23",
      "time": "15:30",
      "duration": 50,
      "status": "completed",
      "notes": "",
      "createdAt": "2024-10-18T09:00:00Z"
    },
    {
      "id": "book-141",
      "customerId": "cust-020",
      "customerName": "Ava Taylor",
      "serviceId": "svc-002",
      "serviceName": "Premium Haircut & Style",
      "employeeId": "emp-004",
      "employeeName": "Emma Williams",
      "date": "2024-10-26",
      "time": "11:00",
      "duration": 45,
      "status": "completed",
      "notes": "",
      "createdAt": "2024-10-21T10:00:00Z"
    },
    {
      "id": "book-142",
      "customerId": "cust-021",
      "customerName": "William Davis",
      "serviceId": "svc-001",
      "serviceName": "Classic Haircut",
      "employeeId": "emp-001",
      "employeeName": "Marcus Johnson",
      "date": "2024-10-29",
      "time": "08:00",
      "duration": 30,
      "status": "completed",
      "notes": "",
      "createdAt": "2024-10-24T08:00:00Z"
    },
    {
      "id": "book-143",
      "customerId": "cust-022",
      "customerName": "Isabella Garcia",
      "serviceId": "svc-006",
      "serviceName": "Hair Wash & Style",
      "employeeId": "emp-002",
      "employeeName": "Sarah Chen",
      "date": "2024-10-31",
      "time": "13:00",
      "duration": 30,
      "status": "completed",
      "notes": "",
      "createdAt": "2024-10-26T09:00:00Z"
    },
    {
      "id": "book-144",
      "customerId": "cust-011",
      "customerName": "Ryan Patel",
      "serviceId": "svc-001",
      "serviceName": "Classic Haircut",
      "employeeId": "emp-005",
      "employeeName": "James Anderson",
      "date": "2024-11-02",
      "time": "14:00",
      "duration": 30,
      "status": "completed",
      "notes": "",
      "createdAt": "2024-10-28T10:00:00Z"
    },
    {
      "id": "book-145",
      "customerId": "cust-012",
      "customerName": "Sophia Martinez",
      "serviceId": "svc-001",
      "serviceName": "Classic Haircut",
      "employeeId": "emp-001",
      "employeeName": "Marcus Johnson",
      "date": "2024-11-04",
      "time": "15:00",
      "duration": 30,
      "status": "completed",
      "notes": "",
      "createdAt": "2024-10-30T09:00:00Z"
    },
    {
      "id": "book-146",
      "customerId": "cust-013",
      "customerName": "Ethan Johnson",
      "serviceId": "svc-007",
      "serviceName": "Fade Haircut",
      "employeeId": "emp-001",
      "employeeName": "Marcus Johnson",
      "date": "2024-11-06",
      "time": "11:00",
      "duration": 35,
      "status": "completed",
      "notes": "",
      "createdAt": "2024-11-01T08:00:00Z"
    },
    {
      "id": "book-147",
      "customerId": "cust-014",
      "customerName": "Olivia Chen",
      "serviceId": "svc-005",
      "serviceName": "Hair Color",
      "employeeId": "emp-004",
      "employeeName": "Emma Williams",
      "date": "2024-11-09",
      "time": "10:00",
      "duration": 90,
      "status": "completed",
      "notes": "",
      "createdAt": "2024-11-03T11:00:00Z"
    },
    {
      "id": "book-148",
      "customerId": "cust-015",
      "customerName": "James Wilson",
      "serviceId": "svc-007",
      "serviceName": "Fade Haircut",
      "employeeId": "emp-005",
      "employeeName": "James Anderson",
      "date": "2024-11-11",
      "time": "13:00",
      "duration": 35,
      "status": "completed",
      "notes": "",
      "createdAt": "2024-11-06T09:00:00Z"
    },
    {
      "id": "book-149",
      "customerId": "cust-016",
      "customerName": "Emily Rodriguez",
      "serviceId": "svc-002",
      "serviceName": "Premium Haircut & Style",
      "employeeId": "emp-004",
      "employeeName": "Emma Williams",
      "date": "2024-11-13",
      "time": "11:30",
      "duration": 45,
      "status": "completed",
      "notes": "",
      "createdAt": "2024-11-08T10:00:00Z"
    },
    {
      "id": "book-150",
      "customerId": "cust-017",
      "customerName": "Alexander Kim",
      "serviceId": "svc-003",
      "serviceName": "Beard Trim",
      "employeeId": "emp-003",
      "employeeName": "David Rodriguez",
      "date": "2024-11-15",
      "time": "16:00",
      "duration": 20,
      "status": "completed",
      "notes": "",
      "createdAt": "2024-11-10T08:00:00Z"
    },
    {
      "id": "book-151",
      "customerId": "cust-018",
      "customerName": "Mia Anderson",
      "serviceId": "svc-006",
      "serviceName": "Hair Wash & Style",
      "employeeId": "emp-002",
      "employeeName": "Sarah Chen",
      "date": "2024-11-17",
      "time": "12:00",
      "duration": 30,
      "status": "completed",
      "notes": "",
      "createdAt": "2024-11-12T09:00:00Z"
    },
    {
      "id": "book-152",
      "customerId": "cust-019",
      "customerName": "Noah Brown",
      "serviceId": "svc-004",
      "serviceName": "Haircut & Beard Combo",
      "employeeId": "emp-003",
      "employeeName": "David Rodriguez",
      "date": "2024-11-19",
      "time": "15:30",
      "duration": 50,
      "status": "completed",
      "notes": "",
      "createdAt": "2024-11-14T10:00:00Z"
    },
    {
      "id": "book-153",
      "customerId": "cust-020",
      "customerName": "Ava Taylor",
      "serviceId": "svc-002",
      "serviceName": "Premium Haircut & Style",
      "employeeId": "emp-004",
      "employeeName": "Emma Williams",
      "date": "2024-11-21",
      "time": "10:00",
      "duration": 45,
      "status": "completed",
      "notes": "",
      "createdAt": "2024-11-16T11:00:00Z"
    },
    {
      "id": "book-154",
      "customerId": "cust-021",
      "customerName": "William Davis",
      "serviceId": "svc-001",
      "serviceName": "Classic Haircut",
      "employeeId": "emp-001",
      "employeeName": "Marcus Johnson",
      "date": "2024-11-23",
      "time": "08:00",
      "duration": 30,
      "status": "completed",
      "notes": "",
      "createdAt": "2024-11-18T08:00:00Z"
    },
    {
      "id": "book-155",
      "customerId": "cust-022",
      "customerName": "Isabella Garcia",
      "serviceId": "svc-005",
      "serviceName": "Hair Color",
      "employeeId": "emp-002",
      "employeeName": "Sarah Chen",
      "date": "2024-11-26",
      "time": "14:00",
      "duration": 90,
      "status": "completed",
      "notes": "",
      "createdAt": "2024-11-20T12:00:00Z"
    },
    {
      "id": "book-156",
      "customerId": "cust-023",
      "customerName": "Lucas Martinez",
      "serviceId": "svc-007",
      "serviceName": "Fade Haircut",
      "employeeId": "emp-001",
      "employeeName": "Marcus Johnson",
      "date": "2024-11-29",
      "time": "12:30",
      "duration": 35,
      "status": "completed",
      "notes": "",
      "createdAt": "2024-11-24T09:00:00Z"
    },
    {
      "id": "book-157",
      "customerId": "cust-024",
      "customerName": "Charlotte Lee",
      "serviceId": "svc-001",
      "serviceName": "Classic Haircut",
      "employeeId": "emp-004",
      "employeeName": "Emma Williams",
      "date": "2024-12-01",
      "time": "14:00",
      "duration": 30,
      "status": "completed",
      "notes": "",
      "createdAt": "2024-11-26T10:00:00Z"
    },
    {
      "id": "book-158",
      "customerId": "cust-025",
      "customerName": "Benjamin White",
      "serviceId": "svc-001",
      "serviceName": "Classic Haircut",
      "employeeId": "emp-005",
      "employeeName": "James Anderson",
      "date": "2024-12-03",
      "time": "15:00",
      "duration": 30,
      "status": "completed",
      "notes": "",
      "createdAt": "2024-11-28T09:00:00Z"
    },
    {
      "id": "book-159",
      "customerId": "cust-026",
      "customerName": "Amelia Thompson",
      "serviceId": "svc-006",
      "serviceName": "Hair Wash & Style",
      "employeeId": "emp-004",
      "employeeName": "Emma Williams",
      "date": "2024-12-05",
      "time": "11:00",
      "duration": 30,
      "status": "completed",
      "notes": "",
      "createdAt": "2024-11-30T08:00:00Z"
    },
    {
      "id": "book-160",
      "customerId": "cust-027",
      "customerName": "Henry Wilson",
      "serviceId": "svc-001",
      "serviceName": "Classic Haircut",
      "employeeId": "emp-001",
      "employeeName": "Marcus Johnson",
      "date": "2024-12-07",
      "time": "13:00",
      "duration": 30,
      "status": "completed",
      "notes": "",
      "createdAt": "2024-12-02T09:00:00Z"
    },
    {
      "id": "book-161",
      "customerId": "cust-028",
      "customerName": "Harper Brown",
      "serviceId": "svc-002",
      "serviceName": "Premium Haircut & Style",
      "employeeId": "emp-002",
      "employeeName": "Sarah Chen",
      "date": "2024-12-09",
      "time": "10:30",
      "duration": 45,
      "status": "completed",
      "notes": "",
      "createdAt": "2024-12-04T10:00:00Z"
    },
    {
      "id": "book-162",
      "customerId": "cust-029",
      "customerName": "Jackson Davis",
      "serviceId": "svc-003",
      "serviceName": "Beard Trim",
      "employeeId": "emp-003",
      "employeeName": "David Rodriguez",
      "date": "2024-12-11",
      "time": "16:00",
      "duration": 20,
      "status": "completed",
      "notes": "",
      "createdAt": "2024-12-06T08:00:00Z"
    },
    {
      "id": "book-163",
      "customerId": "cust-030",
      "customerName": "Evelyn Garcia",
      "serviceId": "svc-001",
      "serviceName": "Classic Haircut",
      "employeeId": "emp-004",
      "employeeName": "Emma Williams",
      "date": "2024-12-13",
      "time": "14:30",
      "duration": 30,
      "status": "completed",
      "notes": "",
      "createdAt": "2024-12-08T09:00:00Z"
    },
    {
      "id": "book-164",
      "customerId": "cust-001",
      "customerName": "Michael Thompson",
      "serviceId": "svc-003",
      "serviceName": "Beard Trim",
      "employeeId": "emp-001",
      "employeeName": "Marcus Johnson",
      "date": "2024-10-29",
      "time": "16:00",
      "duration": 20,
      "status": "completed",
      "notes": "",
      "createdAt": "2024-10-25T08:00:00Z"
    },
    {
      "id": "book-165",
      "customerId": "cust-002",
      "customerName": "Jennifer Martinez",
      "serviceId": "svc-006",
      "serviceName": "Hair Wash & Style",
      "employeeId": "emp-002",
      "employeeName": "Sarah Chen",
      "date": "2024-11-01",
      "time": "11:00",
      "duration": 30,
      "status": "completed",
      "notes": "",
      "createdAt": "2024-10-28T10:00:00Z"
    },
    {
      "id": "book-166",
      "customerId": "cust-003",
      "customerName": "Robert Lee",
      "serviceId": "svc-007",
      "serviceName": "Fade Haircut",
      "employeeId": "emp-001",
      "employeeName": "Marcus Johnson",
      "date": "2024-11-03",
      "time": "11:30",
      "duration": 35,
      "status": "completed",
      "notes": "",
      "createdAt": "2024-10-30T08:00:00Z"
    },
    {
      "id": "book-167",
      "customerId": "cust-005",
      "customerName": "Christopher Brown",
      "serviceId": "svc-004",
      "serviceName": "Haircut & Beard Combo",
      "employeeId": "emp-003",
      "employeeName": "David Rodriguez",
      "date": "2024-11-06",
      "time": "15:30",
      "duration": 50,
      "status": "completed",
      "notes": "",
      "createdAt": "2024-11-01T09:00:00Z"
    },
    {
      "id": "book-168",
      "customerId": "cust-006",
      "customerName": "Jessica Wilson",
      "serviceId": "svc-002",
      "serviceName": "Premium Haircut & Style",
      "employeeId": "emp-004",
      "employeeName": "Emma Williams",
      "date": "2024-11-09",
      "time": "10:00",
      "duration": 45,
      "status": "completed",
      "notes": "",
      "createdAt": "2024-11-04T11:00:00Z"
    },
    {
      "id": "book-169",
      "customerId": "cust-008",
      "customerName": "Lisa Anderson",
      "serviceId": "svc-006",
      "serviceName": "Hair Wash & Style",
      "employeeId": "emp-002",
      "employeeName": "Sarah Chen",
      "date": "2024-11-12",
      "time": "11:00",
      "duration": 30,
      "status": "completed",
      "notes": "",
      "createdAt": "2024-11-07T09:00:00Z"
    },
    {
      "id": "book-170",
      "customerId": "cust-009",
      "customerName": "Matthew Taylor",
      "serviceId": "svc-008",
      "serviceName": "Hot Towel Shave",
      "employeeId": "emp-003",
      "employeeName": "David Rodriguez",
      "date": "2024-11-14",
      "time": "13:00",
      "duration": 40,
      "status": "completed",
      "notes": "",
      "createdAt": "2024-11-09T10:00:00Z"
    },
    {
      "id": "book-171",
      "customerId": "cust-011",
      "customerName": "Ryan Patel",
      "serviceId": "svc-001",
      "serviceName": "Classic Haircut",
      "employeeId": "emp-005",
      "employeeName": "James Anderson",
      "date": "2024-11-16",
      "time": "14:00",
      "duration": 30,
      "status": "completed",
      "notes": "",
      "createdAt": "2024-11-11T08:00:00Z"
    },
    {
      "id": "book-172",
      "customerId": "cust-012",
      "customerName": "Sophia Martinez",
      "serviceId": "svc-002",
      "serviceName": "Premium Haircut & Style",
      "employeeId": "emp-004",
      "employeeName": "Emma Williams",
      "date": "2024-11-18",
      "time": "11:00",
      "duration": 45,
      "status": "completed",
      "notes": "",
      "createdAt": "2024-11-13T09:00:00Z"
    },
    {
      "id": "book-173",
      "customerId": "cust-013",
      "customerName": "Ethan Johnson",
      "serviceId": "svc-007",
      "serviceName": "Fade Haircut",
      "employeeId": "emp-001",
      "employeeName": "Marcus Johnson",
      "date": "2024-11-20",
      "time": "12:00",
      "duration": 35,
      "status": "completed",
      "notes": "",
      "createdAt": "2024-11-15T08:00:00Z"
    },
    {
      "id": "book-174",
      "customerId": "cust-014",
      "customerName": "Olivia Chen",
      "serviceId": "svc-005",
      "serviceName": "Hair Color",
      "employeeId": "emp-004",
      "employeeName": "Emma Williams",
      "date": "2024-11-22",
      "time": "10:00",
      "duration": 90,
      "status": "completed",
      "notes": "",
      "createdAt": "2024-11-17T11:00:00Z"
    },
    {
      "id": "book-175",
      "customerId": "cust-015",
      "customerName": "James Wilson",
      "serviceId": "svc-007",
      "serviceName": "Fade Haircut",
      "employeeId": "emp-005",
      "employeeName": "James Anderson",
      "date": "2024-11-24",
      "time": "13:00",
      "duration": 35,
      "status": "completed",
      "notes": "",
      "createdAt": "2024-11-19T09:00:00Z"
    },
    {
      "id": "book-176",
      "customerId": "cust-016",
      "customerName": "Emily Rodriguez",
      "serviceId": "svc-001",
      "serviceName": "Classic Haircut",
      "employeeId": "emp-001",
      "employeeName": "Marcus Johnson",
      "date": "2024-11-27",
      "time": "15:00",
      "duration": 30,
      "status": "completed",
      "notes": "",
      "createdAt": "2024-11-21T10:00:00Z"
    },
    {
      "id": "book-177",
      "customerId": "cust-017",
      "customerName": "Alexander Kim",
      "serviceId": "svc-003",
      "serviceName": "Beard Trim",
      "employeeId": "emp-003",
      "employeeName": "David Rodriguez",
      "date": "2024-11-30",
      "time": "16:00",
      "duration": 20,
      "status": "completed",
      "notes": "",
      "createdAt": "2024-11-24T08:00:00Z"
    },
    {
      "id": "book-178",
      "customerId": "cust-018",
      "customerName": "Mia Anderson",
      "serviceId": "svc-005",
      "serviceName": "Hair Color",
      "employeeId": "emp-002",
      "employeeName": "Sarah Chen",
      "date": "2024-12-02",
      "time": "14:00",
      "duration": 90,
      "status": "completed",
      "notes": "",
      "createdAt": "2024-11-26T12:00:00Z"
    },
    {
      "id": "book-179",
      "customerId": "cust-019",
      "customerName": "Noah Brown",
      "serviceId": "svc-004",
      "serviceName": "Haircut & Beard Combo",
      "employeeId": "emp-003",
      "employeeName": "David Rodriguez",
      "date": "2024-12-04",
      "time": "15:30",
      "duration": 50,
      "status": "completed",
      "notes": "",
      "createdAt": "2024-11-28T10:00:00Z"
    },
    {
      "id": "book-180",
      "customerId": "cust-020",
      "customerName": "Ava Taylor",
      "serviceId": "svc-002",
      "serviceName": "Premium Haircut & Style",
      "employeeId": "emp-004",
      "employeeName": "Emma Williams",
      "date": "2024-12-06",
      "time": "11:00",
      "duration": 45,
      "status": "completed",
      "notes": "",
      "createdAt": "2024-11-30T09:00:00Z"
    },
    {
      "id": "book-181",
      "customerId": "cust-021",
      "customerName": "William Davis",
      "serviceId": "svc-001",
      "serviceName": "Classic Haircut",
      "employeeId": "emp-001",
      "employeeName": "Marcus Johnson",
      "date": "2024-12-08",
      "time": "08:00",
      "duration": 30,
      "status": "completed",
      "notes": "",
      "createdAt": "2024-12-02T08:00:00Z"
    },
    {
      "id": "book-182",
      "customerId": "cust-022",
      "customerName": "Isabella Garcia",
      "serviceId": "svc-006",
      "serviceName": "Hair Wash & Style",
      "employeeId": "emp-002",
      "employeeName": "Sarah Chen",
      "date": "2024-12-10",
      "time": "13:00",
      "duration": 30,
      "status": "completed",
      "notes": "",
      "createdAt": "2024-12-04T10:00:00Z"
    },
    {
      "id": "book-183",
      "customerId": "cust-023",
      "customerName": "Lucas Martinez",
      "serviceId": "svc-007",
      "serviceName": "Fade Haircut",
      "employeeId": "emp-001",
      "employeeName": "Marcus Johnson",
      "date": "2024-12-12",
      "time": "12:30",
      "duration": 35,
      "status": "completed",
      "notes": "",
      "createdAt": "2024-12-06T09:00:00Z"
    },
    {
      "id": "book-184",
      "customerId": "cust-024",
      "customerName": "Charlotte Lee",
      "serviceId": "svc-001",
      "serviceName": "Classic Haircut",
      "employeeId": "emp-004",
      "employeeName": "Emma Williams",
      "date": "2024-12-14",
      "time": "15:00",
      "duration": 30,
      "status": "completed",
      "notes": "",
      "createdAt": "2024-12-08T08:00:00Z"
    },
    {
      "id": "book-185",
      "customerId": "cust-025",
      "customerName": "Benjamin White",
      "serviceId": "svc-001",
      "serviceName": "Classic Haircut",
      "employeeId": "emp-005",
      "employeeName": "James Anderson",
      "date": "2024-12-16",
      "time": "14:00",
      "duration": 30,
      "status": "completed",
      "notes": "",
      "createdAt": "2024-12-10T09:00:00Z"
    },
    {
      "id": "book-186",
      "customerId": "cust-026",
      "customerName": "Amelia Thompson",
      "serviceId": "svc-006",
      "serviceName": "Hair Wash & Style",
      "employeeId": "emp-004",
      "employeeName": "Emma Williams",
      "date": "2024-12-18",
      "time": "11:00",
      "duration": 30,
      "status": "completed",
      "notes": "",
      "createdAt": "2024-12-12T10:00:00Z"
    },
    {
      "id": "book-187",
      "customerId": "cust-027",
      "customerName": "Henry Wilson",
      "serviceId": "svc-001",
      "serviceName": "Classic Haircut",
      "employeeId": "emp-001",
      "employeeName": "Marcus Johnson",
      "date": "2024-12-19",
      "time": "13:00",
      "duration": 30,
      "status": "completed",
      "notes": "",
      "createdAt": "2024-12-14T08:00:00Z"
    },
    {
      "id": "book-188",
      "customerId": "cust-028",
      "customerName": "Harper Brown",
      "serviceId": "svc-002",
      "serviceName": "Premium Haircut & Style",
      "employeeId": "emp-002",
      "employeeName": "Sarah Chen",
      "date": "2024-12-20",
      "time": "10:30",
      "duration": 45,
      "status": "confirmed",
      "notes": "",
      "createdAt": "2024-12-16T09:00:00Z"
    },
    {
      "id": "book-189",
      "customerId": "cust-029",
      "customerName": "Jackson Davis",
      "serviceId": "svc-003",
      "serviceName": "Beard Trim",
      "employeeId": "emp-003",
      "employeeName": "David Rodriguez",
      "date": "2024-12-21",
      "time": "16:00",
      "duration": 20,
      "status": "pending",
      "notes": "",
      "createdAt": "2024-12-18T08:00:00Z"
    },
    {
      "id": "book-190",
      "customerId": "cust-030",
      "customerName": "Evelyn Garcia",
      "serviceId": "svc-001",
      "serviceName": "Classic Haircut",
      "employeeId": "emp-004",
      "employeeName": "Emma Williams",
      "date": "2024-12-22",
      "time": "14:30",
      "duration": 30,
      "status": "pending",
      "notes": "",
      "createdAt": "2024-12-19T09:00:00Z"
    },
    {
      "id": "book-191",
      "customerId": "cust-001",
      "customerName": "Michael Thompson",
      "serviceId": "svc-001",
      "serviceName": "Classic Haircut",
      "employeeId": "emp-001",
      "employeeName": "Marcus Johnson",
      "date": "2024-11-15",
      "time": "10:00",
      "duration": 30,
      "status": "completed",
      "notes": "",
      "createdAt": "2024-11-10T09:00:00Z"
    },
    {
      "id": "book-192",
      "customerId": "cust-002",
      "customerName": "Jennifer Martinez",
      "serviceId": "svc-006",
      "serviceName": "Hair Wash & Style",
      "employeeId": "emp-002",
      "employeeName": "Sarah Chen",
      "date": "2024-11-17",
      "time": "11:00",
      "duration": 30,
      "status": "completed",
      "notes": "",
      "createdAt": "2024-11-12T10:00:00Z"
    },
    {
      "id": "book-193",
      "customerId": "cust-003",
      "customerName": "Robert Lee",
      "serviceId": "svc-007",
      "serviceName": "Fade Haircut",
      "employeeId": "emp-001",
      "employeeName": "Marcus Johnson",
      "date": "2024-11-19",
      "time": "11:30",
      "duration": 35,
      "status": "completed",
      "notes": "",
      "createdAt": "2024-11-14T08:00:00Z"
    },
    {
      "id": "book-194",
      "customerId": "cust-005",
      "customerName": "Christopher Brown",
      "serviceId": "svc-003",
      "serviceName": "Beard Trim",
      "employeeId": "emp-003",
      "employeeName": "David Rodriguez",
      "date": "2024-11-21",
      "time": "16:00",
      "duration": 20,
      "status": "completed",
      "notes": "",
      "createdAt": "2024-11-16T09:00:00Z"
    },
    {
      "id": "book-195",
      "customerId": "cust-006",
      "customerName": "Jessica Wilson",
      "serviceId": "svc-002",
      "serviceName": "Premium Haircut & Style",
      "employeeId": "emp-004",
      "employeeName": "Emma Williams",
      "date": "2024-11-23",
      "time": "10:00",
      "duration": 45,
      "status": "completed",
      "notes": "",
      "createdAt": "2024-11-18T11:00:00Z"
    },
    {
      "id": "book-196",
      "customerId": "cust-008",
      "customerName": "Lisa Anderson",
      "serviceId": "svc-006",
      "serviceName": "Hair Wash & Style",
      "employeeId": "emp-004",
      "employeeName": "Emma Williams",
      "date": "2024-11-26",
      "time": "11:00",
      "duration": 30,
      "status": "completed",
      "notes": "",
      "createdAt": "2024-11-20T09:00:00Z"
    },
    {
      "id": "book-197",
      "customerId": "cust-009",
      "customerName": "Matthew Taylor",
      "serviceId": "svc-008",
      "serviceName": "Hot Towel Shave",
      "employeeId": "emp-003",
      "employeeName": "David Rodriguez",
      "date": "2024-11-28",
      "time": "13:00",
      "duration": 40,
      "status": "completed",
      "notes": "",
      "createdAt": "2024-11-22T10:00:00Z"
    },
    {
      "id": "book-198",
      "customerId": "cust-011",
      "customerName": "Ryan Patel",
      "serviceId": "svc-001",
      "serviceName": "Classic Haircut",
      "employeeId": "emp-001",
      "employeeName": "Marcus Johnson",
      "date": "2024-12-01",
      "time": "14:00",
      "duration": 30,
      "status": "completed",
      "notes": "",
      "createdAt": "2024-11-25T08:00:00Z"
    },
    {
      "id": "book-199",
      "customerId": "cust-012",
      "customerName": "Sophia Martinez",
      "serviceId": "svc-001",
      "serviceName": "Classic Haircut",
      "employeeId": "emp-005",
      "employeeName": "James Anderson",
      "date": "2024-12-03",
      "time": "15:00",
      "duration": 30,
      "status": "completed",
      "notes": "",
      "createdAt": "2024-11-27T09:00:00Z"
    },
    {
      "id": "book-200",
      "customerId": "cust-013",
      "customerName": "Ethan Johnson",
      "serviceId": "svc-007",
      "serviceName": "Fade Haircut",
      "employeeId": "emp-001",
      "employeeName": "Marcus Johnson",
      "date": "2024-12-05",
      "time": "11:00",
      "duration": 35,
      "status": "completed",
      "notes": "",
      "createdAt": "2024-11-29T08:00:00Z"
    },
    {
      "id": "book-201",
      "customerId": "cust-014",
      "customerName": "Olivia Chen",
      "serviceId": "svc-006",
      "serviceName": "Hair Wash & Style",
      "employeeId": "emp-002",
      "employeeName": "Sarah Chen",
      "date": "2024-12-07",
      "time": "13:00",
      "duration": 30,
      "status": "completed",
      "notes": "",
      "createdAt": "2024-12-01T10:00:00Z"
    },
    {
      "id": "book-202",
      "customerId": "cust-015",
      "customerName": "James Wilson",
      "serviceId": "svc-007",
      "serviceName": "Fade Haircut",
      "employeeId": "emp-005",
      "employeeName": "James Anderson",
      "date": "2024-12-09",
      "time": "13:00",
      "duration": 35,
      "status": "completed",
      "notes": "",
      "createdAt": "2024-12-03T09:00:00Z"
    },
    {
      "id": "book-203",
      "customerId": "cust-016",
      "customerName": "Emily Rodriguez",
      "serviceId": "svc-002",
      "serviceName": "Premium Haircut & Style",
      "employeeId": "emp-004",
      "employeeName": "Emma Williams",
      "date": "2024-12-11",
      "time": "11:30",
      "duration": 45,
      "status": "completed",
      "notes": "",
      "createdAt": "2024-12-05T10:00:00Z"
    },
    {
      "id": "book-204",
      "customerId": "cust-017",
      "customerName": "Alexander Kim",
      "serviceId": "svc-003",
      "serviceName": "Beard Trim",
      "employeeId": "emp-003",
      "employeeName": "David Rodriguez",
      "date": "2024-12-13",
      "time": "16:00",
      "duration": 20,
      "status": "completed",
      "notes": "",
      "createdAt": "2024-12-07T08:00:00Z"
    },
    {
      "id": "book-205",
      "customerId": "cust-018",
      "customerName": "Mia Anderson",
      "serviceId": "svc-006",
      "serviceName": "Hair Wash & Style",
      "employeeId": "emp-002",
      "employeeName": "Sarah Chen",
      "date": "2024-12-15",
      "time": "12:00",
      "duration": 30,
      "status": "completed",
      "notes": "",
      "createdAt": "2024-12-09T09:00:00Z"
    },
    {
      "id": "book-206",
      "customerId": "cust-019",
      "customerName": "Noah Brown",
      "serviceId": "svc-004",
      "serviceName": "Haircut & Beard Combo",
      "employeeId": "emp-003",
      "employeeName": "David Rodriguez",
      "date": "2024-12-17",
      "time": "15:30",
      "duration": 50,
      "status": "completed",
      "notes": "",
      "createdAt": "2024-12-11T10:00:00Z"
    },
    {
      "id": "book-207",
      "customerId": "cust-020",
      "customerName": "Ava Taylor",
      "serviceId": "svc-002",
      "serviceName": "Premium Haircut & Style",
      "employeeId": "emp-004",
      "employeeName": "Emma Williams",
      "date": "2024-12-19",
      "time": "10:00",
      "duration": 45,
      "status": "completed",
      "notes": "",
      "createdAt": "2024-12-13T11:00:00Z"
    },
    {
      "id": "book-208",
      "customerId": "cust-021",
      "customerName": "William Davis",
      "serviceId": "svc-001",
      "serviceName": "Classic Haircut",
      "employeeId": "emp-001",
      "employeeName": "Marcus Johnson",
      "date": "2024-12-20",
      "time": "08:00",
      "duration": 30,
      "status": "confirmed",
      "notes": "",
      "createdAt": "2024-12-15T08:00:00Z"
    },
    {
      "id": "book-209",
      "customerId": "cust-022",
      "customerName": "Isabella Garcia",
      "serviceId": "svc-005",
      "serviceName": "Hair Color",
      "employeeId": "emp-002",
      "employeeName": "Sarah Chen",
      "date": "2024-12-21",
      "time": "14:00",
      "duration": 90,
      "status": "pending",
      "notes": "",
      "createdAt": "2024-12-17T12:00:00Z"
    },
    {
      "id": "book-210",
      "customerId": "cust-023",
      "customerName": "Lucas Martinez",
      "serviceId": "svc-007",
      "serviceName": "Fade Haircut",
      "employeeId": "emp-001",
      "employeeName": "Marcus Johnson",
      "date": "2024-12-22",
      "time": "12:30",
      "duration": 35,
      "status": "pending",
      "notes": "",
      "createdAt": "2024-12-19T09:00:00Z"
    },
    {
      "id": "book-211",
      "customerId": "cust-024",
      "customerName": "Charlotte Lee",
      "serviceId": "svc-001",
      "serviceName": "Classic Haircut",
      "employeeId": "emp-004",
      "employeeName": "Emma Williams",
      "date": "2024-12-23",
      "time": "15:00",
      "duration": 30,
      "status": "pending",
      "notes": "",
      "createdAt": "2024-12-20T08:00:00Z"
    },
    {
      "id": "book-212",
      "customerId": "cust-025",
      "customerName": "Benjamin White",
      "serviceId": "svc-001",
      "serviceName": "Classic Haircut",
      "employeeId": "emp-005",
      "employeeName": "James Anderson",
      "date": "2024-12-23",
      "time": "16:00",
      "duration": 30,
      "status": "pending",
      "notes": "",
      "createdAt": "2024-12-20T09:00:00Z"
    },
    {
      "id": "book-213",
      "customerId": "cust-026",
      "customerName": "Amelia Thompson",
      "serviceId": "svc-006",
      "serviceName": "Hair Wash & Style",
      "employeeId": "emp-004",
      "employeeName": "Emma Williams",
      "date": "2024-12-24",
      "time": "11:00",
      "duration": 30,
      "status": "pending",
      "notes": "",
      "createdAt": "2024-12-21T10:00:00Z"
    },
    {
      "id": "book-214",
      "customerId": "cust-027",
      "customerName": "Henry Wilson",
      "serviceId": "svc-001",
      "serviceName": "Classic Haircut",
      "employeeId": "emp-001",
      "employeeName": "Marcus Johnson",
      "date": "2024-12-24",
      "time": "13:00",
      "duration": 30,
      "status": "pending",
      "notes": "",
      "createdAt": "2024-12-21T08:00:00Z"
    },
    {
      "id": "book-215",
      "customerId": "cust-028",
      "customerName": "Harper Brown",
      "serviceId": "svc-002",
      "serviceName": "Premium Haircut & Style",
      "employeeId": "emp-002",
      "employeeName": "Sarah Chen",
      "date": "2024-12-24",
      "time": "14:30",
      "duration": 45,
      "status": "pending",
      "notes": "",
      "createdAt": "2024-12-21T09:00:00Z"
    },
    {
      "id": "book-216",
      "customerId": "cust-029",
      "customerName": "Jackson Davis",
      "serviceId": "svc-003",
      "serviceName": "Beard Trim",
      "employeeId": "emp-003",
      "employeeName": "David Rodriguez",
      "date": "2024-12-24",
      "time": "15:00",
      "duration": 20,
      "status": "pending",
      "notes": "",
      "createdAt": "2024-12-21T10:00:00Z"
    },
    {
      "id": "book-217",
      "customerId": "cust-030",
      "customerName": "Evelyn Garcia",
      "serviceId": "svc-001",
      "serviceName": "Classic Haircut",
      "employeeId": "emp-004",
      "employeeName": "Emma Williams",
      "date": "2024-12-24",
      "time": "16:00",
      "duration": 30,
      "status": "pending",
      "notes": "",
      "createdAt": "2024-12-21T11:00:00Z"
    },
    {
      "id": "book-218",
      "customerId": "cust-001",
      "customerName": "Michael Thompson",
      "serviceId": "svc-001",
      "serviceName": "Classic Haircut",
      "employeeId": "emp-001",
      "employeeName": "Marcus Johnson",
      "date": "2024-11-01",
      "time": "10:00",
      "duration": 30,
      "status": "completed",
      "notes": "",
      "createdAt": "2024-10-27T09:00:00Z"
    },
    {
      "id": "book-219",
      "customerId": "cust-002",
      "customerName": "Jennifer Martinez",
      "serviceId": "svc-002",
      "serviceName": "Premium Haircut & Style",
      "employeeId": "emp-002",
      "employeeName": "Sarah Chen",
      "date": "2024-11-07",
      "time": "10:30",
      "duration": 45,
      "status": "completed",
      "notes": "",
      "createdAt": "2024-11-02T10:00:00Z"
    },
    {
      "id": "book-220",
      "customerId": "cust-003",
      "customerName": "Robert Lee",
      "serviceId": "svc-007",
      "serviceName": "Fade Haircut",
      "employeeId": "emp-001",
      "employeeName": "Marcus Johnson",
      "date": "2024-11-13",
      "time": "11:30",
      "duration": 35,
      "status": "completed",
      "notes": "",
      "createdAt": "2024-11-08T08:00:00Z"
    }
  ]
}

